,Null Count,Null Percentage
glucose,304,8.96755162241888
education,87,2.566371681415929
BPMeds,44,1.2979351032448379
totChol,38,1.12094395280236
cigsPerDay,22,0.6489675516224189
BMI,14,0.41297935103244837
heartRate,1,0.029498525073746312
id,0,0.0
diaBP,0,0.0
sysBP,0,0.0
prevalentHyp,0,0.0
diabetes,0,0.0
age,0,0.0
prevalentStroke,0,0.0
is_smoking,0,0.0
sex,0,0.0
TenYearCHD,0,0.0
